region,p1_01,p1_02,p1_03,p1_04,P1,p2_01,p2_02,p2_03,p2_04,p2_05,p2_06,p2_07,p2_08,p2_09,p2_10,P2,p3_01,p3_02,P3,p4_02,p4_03,p4_05,p4_06,p4_07,p4_08,P4,p5_01,p5_02,p5_03,p5_07,P5,p6_01,p6_02,p6_03,p6_04,p6_09,p6_05,p6_06,p6_07,p6_08,P6,p7_01,p7_02,p7_06,p7_03,p7_07,P7,p8_03,p8_04,p8_05,P8,I
Волинська,1.0,0.0,0.22997008571615,0.8987824544166384,5.321881350331972,0.5999432988253494,0.16024661079338542,0.6370311688897048,0.07306576956574884,0.07214779683116784,0.20688894717266884,0.9868649733022428,0.8803531423540962,0.9955442345696458,0.9615961100008444,4.449881050478797,0.011340722374527322,0.0010594088747781672,0.06200065624652745,1.0,0.8779790276453765,0.5267746355749995,0.12862847438941727,0.6338962243163057,0.7101050208308041,6.4623056379281705,0.018369899639152462,0.5511267333875864,0.5062232408291841,0.17647058823529413,2.5043809241824344,0.8381031643061911,0.019275482195356013,0.0,0.31884057971014634,0.27299584495606943,0.5758906832646356,0.6041308089500861,0.2990768232558926,0.187683284457478,3.462218523439839,0.05102207875983445,0.3653453946174744,0.0037414916339468603,0.5291933743975424,0.0038523274478330658,1.9063093337132624,0.9166666666666664,0.6223920197132984,1.0,8.463528954599884,41.603722549748284
Вінницька,0.030567048118473182,0.0,0.28608535069255164,0.4654717800132018,1.9553104470605664,0.8743815519204732,0.4653360111847403,0.919763771857516,0.2675984549807892,0.3023047027253185,0.8976597467413152,0.9609886359866896,0.9074089614946044,0.0,0.9807470374644636,6.854249256363225,0.2926117148841557,0.07542539612489464,1.840185555045252,0.9574468085106383,0.7975291695264242,0.3185418310022694,0.4805155664623864,0.4596741846903837,0.7515833720326384,6.275484887041234,0.0035461766715683962,0.9571440948867496,0.12075572081706976,0.0,2.162891984750776,0.8553446596211397,0.015968315020674972,0.0,0.0,0.5309527681192026,0.5156265513913326,0.4609475032010243,0.5167719798606978,0.4189473684210526,3.6828434951501374,0.2936277840573467,0.39745332638338976,0.003535900977289813,0.8465536185584542,0.1187800963081862,3.3199014525693333,0.9166666666666664,0.5863985205587662,0.9213738997321088,8.081463623191805,41.70390931062773
Дніпропетровська,0.2500805412750037,0.0,0.1871030200686462,0.6076819221847153,2.6121637088209133,0.7178720864426398,1.0,0.08142064448492814,1.0,0.9999999999999998,0.5340990313702656,0.6037543490093892,0.8077618965545199,1.0,1.0,7.266737962830676,0.5798267554634126,0.3137322029799015,4.467794792216572,0.7424242424242424,0.5400696864111498,0.9484572655701992,0.6278438377872975,0.5110786902154031,1.0,7.2831228706804865,0.040898456352722976,0.21779993745874013,0.19753135211964526,0.25882352941176473,1.4301065506857462,0.7864986549019447,0.0098201379779888,0.3339416058394171,0.32116788321168066,0.6844653080945817,0.5857788248433712,0.7881828316610926,0.04410210729698677,0.3193277310924369,4.303650094355001,0.08912066165143849,0.05337376096544929,0.0015281572922643428,0.5173652960036971,0.81669341894061,2.9561625897069184,0.4999999999999999,0.9021540192334581,1.0,8.007180064111527,46.27198297125038
Донецька,0.026206140557600528,0.0,0.1672776311591075,0.726443446789016,2.2998180462643103,0.2216489714854492,0.4373625741872741,0.2045852576128824,0.5048058969102417,0.2163127047226764,0.9386191225999752,0.9962272348919672,0.992716618657446,1.0,0.9951855865491972,6.421344111480094,0.010629498694916549,0.003849061313890269,0.07239280004403408,0.5617977528089888,0.4336810730253353,0.27628271784850394,0.8952079538138505,0.9735752795994193,0.3962433477730116,5.8946468747818495,0.0017816081038687023,0.142499546126514,0.17748713186228338,0.2,1.043536572185332,0.3313546690855456,0.003969830665204038,0.0,0.0,0.8873506562092754,0.5008094696754105,0.7533980582524271,0.059740351000243365,0.42892156862745096,3.295049559461729,0.08501867024234362,0.9424409042525721,0.0033906544828324944,0.11361504549463965,0.8452648475120386,3.9794602439688527,0.8333333333333333,0.9585429703241801,1.0,9.306254345525042,39.63939069813284
Житомирська,0.04889406034860865,0.0,0.21188987967068645,0.8144453919182537,2.6880733298438724,0.7669514296984036,0.2940744764359656,0.7521531594883049,0.0767925243656375,0.1585277256428946,0.8473064963264232,0.9956148544956336,0.9877693925795704,0.9961310643815092,0.9897659995684034,6.647566375837963,0.06398356690061148,0.06578276895638129,0.6488316792849638,0.29577464788732394,0.2971105527638191,0.37778014586114905,0.2890767892085877,0.8602326370676622,0.3753564249277933,4.158885329527226,0.1879483064923596,1.3279810456363703,0.2661809205801676,0.011764705882352941,3.5877499571825013,0.8218357852984391,0.0824041649615497,0.0,0.0,0.8428747789068511,0.5302006908315524,0.4944532488114105,0.6469667265434236,0.36666666666666653,4.206002291133213,0.008858405678576363,0.2420983372908037,0.0016734161116503232,0.4231208855399648,0.016372391653290533,1.3842468725485713,1.0,0.6974375873291696,1.0,8.991458624430566,41.03431130474617
Закарпатська,0.8397852479183545,0.2652288785936254,0.12967150083527182,0.8560261216340233,5.226779372453186,0.34717383792751394,0.11513561900916057,0.2816857102117123,0.1201245642179884,0.02843640098834045,0.7098996309008315,0.9983227428591857,0.9482892128287682,0.999682344275678,0.9917210853716892,5.128564825441369,0.13618441213713176,0.026023002179788483,0.8110370715846011,1.0,0.929188255613126,0.4223847990569285,0.1020659350584141,0.7233845109566314,0.6293131489683081,6.343894416089015,0.054536820282462976,0.5483910936220082,0.206273630491126,0.011764705882352941,1.6419325005559002,0.797766940718373,0.09811636067226864,0.0,0.0,0.1625455559191762,0.7026742507161599,0.8022813688212928,0.060421036015687025,0.1414141414141414,3.07246628253011,0.0024204345347472677,0.274140966419302,0.0037553713622385603,0.2727355908303636,0.15409309791332262,1.4142909221199478,0.2083333333333333,0.7675375424469286,0.7380405663987754,5.713038140596791,39.517776405704886
Запорізька,0.39101851201441495,0.0,0.1246423308353613,0.637656821023735,2.8832941596837784,0.6992005961421963,0.4258250775435685,0.2762258022927437,0.17299645356150584,0.3298535753148231,0.8698322021924761,0.9973084394887216,0.8850198525971202,0.9830061762743494,0.18654825907056605,5.986108714980251,0.022530680434962327,0.004056587284676463,0.13293633859819395,0.8734177215189873,0.5873563218390805,0.3620377462543044,0.3178210729990241,0.5150113999185036,0.7506968092316295,5.677235119602551,0.005455547621731994,0.2692833253081037,0.06896631850831111,0.07058823529411765,0.8285868534645289,0.7852212100573245,0.021204142160683292,0.2584745762711851,0.2485875706214689,0.4511342340670082,0.5680381523612973,0.6936090225563909,0.12276293318764316,0.37850467289719625,3.919485015755775,0.2326701007173537,0.8270638394111892,0.0053046981123237615,0.34788498603665785,0.17110754414125195,3.1680623368375525,0.8749999999999999,0.7193782134745389,0.9947560275545352,8.630447470096913,39.633351995091786
Київська,0.05284226236009043,0.0,0.2429826119456985,0.5461315614452265,2.1048910893775385,0.8398279648787041,0.5752897176140932,0.27499504781766504,0.7260744908973855,0.33536404615713056,0.5759062365362273,0.9382583320600472,0.0,0.9766421197518312,0.0,5.388129641087972,0.0775771269002527,0.07278119315255747,0.751791600264051,0.9636363636363636,0.8277087033747779,0.43485112631304623,0.5316252890229293,0.5760698528277438,0.7843907445559146,6.863803466217959,0.024414220482977228,0.6213545284434536,0.1262324120694147,0.5058823529411764,2.555767027874044,0.8561800873856514,0.07077573914876273,0.0,0.0,0.8608327173880412,0.579386023393605,0.6251851851851852,0.032863437956961984,0.3852631578947369,3.7894292759477164,1.0,0.9849864513112814,0.005377414299211892,0.2545846192282829,0.01958266452648475,4.529062298730521,0.4999999999999999,0.9999999999999998,1.0,8.333333333333332,41.05609527244767
Івано-Франківська,0.4871180753251834,1.0,0.16009754807157647,0.8003660760361336,6.1189542485822335,0.6498691896952932,0.2850449896392207,0.9722266964473067,0.2740861089280926,0.2016564336688776,0.5914325222207591,0.9938980237970712,0.9617500443425656,0.8962722755655832,0.9822154042465356,6.257799566400537,0.2831023659082498,0.22417387921631973,2.5363812256228475,1.0,1.0,1.0,0.20017230785049472,0.606152232266823,0.6547033424474822,7.435046470941333,0.012700717990827205,0.11751059804747373,0.5505259644571807,0.0,1.361474560990963,0.8156571590024895,0.2079984417295467,0.0,0.0,0.0,0.6622564270732693,0.6840390879478828,0.3367727497162448,0.16568047337278108,3.1915603764913487,0.02317309211897357,0.3338332605565689,0.0043980231910985025,0.10086695441590544,0.07479935794542536,1.0741413764559435,0.7916666666666665,0.30309715730717346,0.0,3.6492127465794666,44.10008777743763
Кіровоградська,0.0,0.0,0.1796135573601386,0.8806169042775284,2.650576154094168,0.4756122479194108,0.10576793931255153,0.1568293338898048,0.0014543189764071038,0.16377414195537593,0.6701434205243442,0.9911246951203267,0.8975013862798334,0.99902792634865,0.9997302521087248,5.00841169577537,0.03600339189505708,0.008193663088160129,0.22098527491608605,0.8787878787878788,0.6879659211927582,0.2044555585692218,0.2990418278093148,0.20569896303443516,0.7404333736916306,5.027305871808734,0.0024416375681227853,0.2653675599168741,0.3826954779143669,0.0,1.3010093507987277,0.7516099237322489,0.08045000518556059,0.0,0.0,0.7470302147611085,0.4638407286126705,0.5212765957446808,0.2351317552320387,0.3661417322834646,3.517201061724192,0.01374084894967638,0.7734424515865751,0.007317345053825084,0.6921303427331239,0.1438202247191011,3.260902426084603,0.0,0.8301390408275766,1.0,6.100463469425256,35.10231984405019
Луганська,0.033150139630885325,0.0,0.22296019079130186,0.8614223645129643,2.7938317373378787,0.0,0.013674066084474995,0.19621860953504688,0.049712676669101764,0.001341437840769219,0.5903731428130091,1.0,0.9911619123021908,0.9993542515323268,1.0,4.230952249558491,0.0,0.0,0.0,1.0,0.7069306930693069,0.6535707347397858,0.3381710521484104,0.9291907068587828,0.427456482669495,6.758866115809635,0.005483834598771456,0.3331023860651077,0.23095957908558604,0.7882352941176471,2.7155621877342253,0.22563723617073886,1.0,0.0,0.0,0.2496096196441182,0.4934662662522897,0.4965277777777778,0.7375955662150879,0.5,4.11426274006668,0.09608094314965683,0.937723775530488,0.006942007537036754,0.5113605885877307,0.0,3.1042146296098245,0.9583333333333331,0.5908707415238043,1.0,8.497346916190459,39.105409845175004
Львівська,0.953717841279976,0.04086290891709856,0.2729114707416068,0.7737374995826295,5.103074301303278,0.501859198939669,0.5160779502387175,0.10271203596155963,0.6077631436422419,0.19434627176403926,0.4272922231180173,0.008724744894495373,0.9214497151961848,0.9962547935587094,0.976529587825222,4.805338434262904,0.746369970303815,1.0,8.731849851519076,0.8309859154929577,0.5470177324019344,0.3412051384854927,0.9999999999999998,0.6563388972879577,0.8664781068406873,7.070042984181716,0.0244313947190369,0.21345746316584416,0.4301971983708797,0.047058823529411764,1.430289759570345,0.8419107202745171,0.08586772117927212,0.3177083333333321,0.0,0.060628261246834285,0.59132420804492,0.6026119402985075,0.2865517357525207,0.15077989601386482,3.263758684604188,0.011962065478698549,0.04555053957409174,0.0006546193300811378,0.2801986918086149,0.07608346709470305,0.8288987665723788,0.7083333333333333,0.9373825356236564,1.0,8.819052896523301,44.449025724686365
Миколаївська,0.5948171281636462,0.0,0.07215628422338828,0.7573871788543013,3.5609014781033395,0.5710780477615556,0.16604480916930847,0.2438426890300445,0.031003646704582468,0.12086562657723315,0.3367595446563679,0.99368816792732,0.942404816446854,1.0,0.8830947823720926,4.3617260351000615,0.0,0.0,0.0,0.9615384615384616,0.7548022598870057,0.13317673553379955,0.16152177536405626,0.7195396624602759,0.9990063438282644,6.215975397686441,0.004471901670157414,0.3607412914558729,0.2256738407709174,0.1411764705882353,1.4641270089703655,0.7386337509290302,0.015436121812885931,0.0,0.0,0.9156953292995684,0.5560913230048544,0.5958762886597938,0.5667240276616702,0.4957983193277311,4.315839067439482,0.0,0.3548001771060345,0.002009507842822038,0.3663156649897584,0.4365971107544141,2.319444921386058,0.9583333333333331,0.4319106159728999,1.0,7.9674798310207775,38.46022040483902
Одеська,0.3909113264980932,0.8518982790813805,0.16765102234560528,0.5655514033506129,4.94003007818923,0.5305114249107388,0.5221489373389134,0.07563757039499297,0.7499127180464159,0.4320063722315653,0.7006536004860163,0.9088212339078272,0.5184334678460814,0.999712140281616,0.932892588735328,6.1617631683694505,0.5057792485181416,0.39648571994308174,4.5113248423061165,0.9423076923076924,0.6699288256227758,0.41038196426717816,0.2196886268234738,0.4068105868697195,0.9405597803333224,5.982795793706937,0.016272622341512444,0.14025628058378978,0.14125753477922556,0.6470588235294118,1.889690522467879,0.6937243602100899,0.017242630649285273,0.0,0.0,0.8342179013496159,0.6529610037800082,0.7249322493224932,0.12502192446594415,0.34306569343065696,3.767961959120105,0.050431840855221566,0.7351647142752891,0.0033865381912052237,0.0,1.0,3.577966186643432,0.5416666666666665,0.6465374468199698,1.0,7.294013711622123,47.09263219113994
Полтавська,0.03578837491469733,0.0,0.11411647495817938,0.6129721603390099,1.9071925255297169,0.7763094857643941,0.3770999643577966,0.19411255479898396,0.24564404811018706,0.27907331568752103,0.8591617112607638,0.9968247053810928,0.9088283415278616,0.9922055668534416,0.5276726151940778,6.161100664968588,0.23051910237156145,0.13202022424040874,1.8126966330598508,0.9545454545454546,0.5524266027561414,0.11346473587585673,0.6705124656967921,0.5885235371829428,0.1230808256030148,5.0042560361003385,0.006401814353647289,0.27319115364059754,0.3476017489781698,0.011764705882352941,1.277918845709535,0.8235792689188545,0.005588482157138898,0.0,0.0,0.7425297420326391,0.5352345309836528,0.5092436974789916,0.6831627708251002,0.4583333333333333,4.175190917477456,0.10932047303754304,0.6439579942710074,0.004645455342273644,0.5803844168484656,0.09406099518459067,2.8647386693677612,0.6666666666666665,0.98904241648693,1.0,8.852363610511992,38.96641188891508
Рівненська,0.08935892506970262,0.0,0.15045380433538866,0.8121416035384629,2.6298858323588847,0.4826166503136911,0.13413674119157934,0.34834094696520146,0.05690247353731731,0.06470885343193944,0.4547668519650973,0.9939248358492262,0.9978402119616432,0.9980444056441714,0.9996751297135512,4.71705065983284,1.0,0.2965083772695204,6.482541886347601,0.9629629629629628,0.7807807807807807,0.643112266803881,0.3801429400556409,0.6604688082889926,0.0,5.712446264820431,0.012847204121924414,0.9510392724603776,0.5626954683318542,1.0,5.053163889828314,0.8221784122418924,0.025162416684120958,0.25,0.0,0.12603994692565035,0.660682121123945,0.7015706806282722,0.2618251945978163,0.1912568306010929,3.3763506697808774,0.050903999429216924,0.0,0.00019986393878013812,0.26341817204464524,0.11171749598715892,0.8524790627996024,0.9166666666666664,0.17102038306487444,1.0,6.95895683243847,39.78541290078659
Сумська,0.02270378184607845,0.0,0.08768972072662634,0.766433059827712,2.192066406001042,1.0,0.3115430410649598,0.9999999999999998,0.06872375313924617,0.2775139795283723,0.3862056013647349,0.9652798104044168,0.9841572914808612,0.954735321826744,0.9340489862170556,6.022183158350089,0.05971296107447409,0.0361530979641362,0.4793302951930514,0.9714285714285714,0.5003441156228493,0.059658406601972386,0.1294587172341591,0.14675432863702287,0.2860398247033583,3.4894732737132217,0.0015859565126790987,0.8995112722686426,0.5486652936059215,0.24705882352941175,3.39364269183331,0.8284404888416578,0.003729745938840241,0.0,1.0,0.9488519476279502,0.5244126992293386,0.4486607142857143,1.0,0.4860681114551084,5.822404119309567,0.06153041183244285,1.0,0.003961668183521602,0.5715035845910997,0.10240770465489568,3.4788067385239203,0.0,0.5988465684781507,1.0,5.329488561593836,41.33963949978529
Тернопільська,0.06466541642870671,0.0,0.2495003560097427,0.6090198387084779,2.3079640278673184,0.540218764358822,0.14619638224414938,0.7742934689488488,0.03721914040559357,0.05445042804573133,1.0,0.9698864131472554,1.0,0.9824568018936792,1.0,6.5225926934037295,0.013039314163533405,0.03825762222444542,0.2564846819398941,0.9428571428571428,0.7371031746031746,0.02522369771678075,0.1289996533452519,0.6465846331632638,0.4440405518140266,4.8746814224994015,0.006011184670721402,0.2431244853186153,0.6834663210730326,0.07058823529411765,2.0063804527129743,0.8117826413551503,0.03578711542748387,1.0,0.2404371584699465,1.0,0.5429613321959694,0.4612903225806452,0.8982031681146361,0.2013888888888889,5.768722918925247,0.014975230224240629,0.18526454574039586,0.002037738670920784,0.6529224951619979,0.0,1.7104000195951103,0.9166666666666664,0.5178969842631239,0.8097014925373134,7.480883811557013,41.65870542194853
Харківська,0.009192337315476988,0.0,0.18822752979379487,0.8078461664023003,2.5131650837789303,0.5709361940054972,0.6708990532439472,0.13591332748460072,0.6586022588964063,0.46217925286369005,0.4910495408847491,0.0,0.9119293956020532,0.9917800899889879,0.9940831386457248,5.537274328853994,0.6571578815597788,0.26479663194105496,4.6097725675041685,1.0,0.5029904306220095,0.5114694200395016,0.6285380203669467,0.4483354416710373,0.801661950016963,6.488325437860763,1.0,0.016316689736794315,0.19467716311730235,0.047058823529411764,2.516105352767017,0.7959276252248823,0.08037745962072276,0.0,0.0,0.9361395645604098,0.5084086395349035,0.6711590296495957,0.1836701444749652,0.4184514003294893,3.9934820704388536,0.04596805008508202,0.7317895843315269,0.003531387065572474,1.0,0.5149277688603531,4.592433580685069,0.7499999999999999,0.9852742180692986,1.0,9.117580726897662,44.54838398465731
Херсонська,0.6426887080357891,0.0,0.1824231784559182,0.7615067173222585,3.9665465095349135,0.4068138948370879,0.09917795343367973,0.2825510115341401,0.09048104490191107,0.07303012283724275,0.7345397153693038,0.9930565808205484,0.9314113707879368,0.9893869825290192,0.9998064852084332,5.2344417030585335,0.2711672051359633,0.11794124165057597,1.945542233932696,0.8,0.5272727272727272,0.3445804188231996,0.3532829382617117,0.7877263891888561,0.6429201039387062,5.759637629142,0.03280524914697927,0.2620137639455644,0.0,0.0,0.5896380261850873,0.7746423990360322,0.006162855297876073,0.0,0.0,0.5696158985828856,0.6122031072153458,0.7071960297766751,0.08357256206400701,0.4230769230769231,3.5294108611663826,0.0316976281896539,0.2743502812428219,0.002827491179023998,0.8080083950391105,0.2465489566613162,2.726865504623853,1.0,0.3066654255816577,1.0,7.6888847519388595,39.354152800406375
Хмельницька,0.0,0.0,0.2264053563964955,0.8490597383710187,2.688662736918785,0.5264746296241901,0.1809087237057151,0.25226511137859275,0.0,0.1392803712181281,0.7498333343533324,0.9796199615040804,0.9912928921333028,0.8829798059673992,0.9943951079460692,5.378692026529238,0.5156730935242919,0.02019935013978674,2.679362218320393,0.6944444444444444,0.271830985915493,0.13416465754826948,0.2349626712444403,0.7695226929128999,0.606660636012478,4.519310146796709,0.0024753125407888108,0.9858878364621928,0.2351045316046109,0.035294117647058816,2.5175235965093017,0.8344905774101811,0.028092139556310892,0.0,0.0,0.9373769284237049,0.5115186676528745,0.4924874791318865,0.5112355547190149,0.37789203084832906,4.103437086380335,0.06469398947820783,0.5693992707507534,0.004864894799844937,0.31504367681846623,0.22279293739967895,2.3535895384939027,0.8333333333333333,0.7002262066266867,0.9928626100267892,8.421407166622696,39.282391673928174
Черкаська,0.020674573880751092,0.0,0.07232408452919831,0.7717425255683535,2.1618529599457568,0.4868571308213976,0.17626864724614974,0.1937752601051419,0.07810562446018908,0.15931877531845187,0.769215515408504,0.9504294139211956,0.8315752334943263,0.9980656163602628,1.0,5.3799081413324545,0.2749357643678513,0.10715717104468364,1.9104646770626743,1.0,0.8525402726146221,0.3899306493810861,0.7365506387475962,0.0,0.5578171653953455,5.8947312102310825,0.0020779478633297195,0.6418570307384377,0.188519886032134,0.11764705882352942,1.9002038469148617,0.8024395706342263,0.0,0.0,0.0,0.5514715473324805,0.5277684393347841,0.5376146788990825,0.5708496877282921,0.44110275689223055,3.81249631202344,0.11039021423329412,0.8218049359584813,0.002763445344154753,0.6625125570994318,0.1245585874799358,3.4440594802305955,0.9166666666666664,0.837753742678297,1.0,9.181401364483213,39.49344238475278
Чернівецька,0.3060662267319664,0.987638328523456,0.2400443089280632,0.7276465799137535,5.653488610243097,0.19052303997871653,0.0,0.0,0.010192480557283196,0.0,0.3531420660922804,0.9995744446081049,0.9534292726465132,0.9889283428782958,0.9984460175828712,3.5463069843390667,0.026258540939508686,0.0,0.13129270469754342,0.9,0.8790931989924433,0.0,0.1675881511460345,1.0,0.8701220801882388,6.361339050544528,0.005772092364792627,0.2797455920227168,1.0,0.0,2.5710353687750187,0.7896732334447327,0.14809140942175533,0.0,0.0,0.3712149970771841,0.7156585247423005,0.8015873015873016,0.0,0.16602316602316602,3.3247207025516,0.07929659996234502,0.7660173711397572,0.005090608479996519,0.5361680718659357,0.2346709470304976,3.2424871969570637,0.7499999999999999,0.0,0.962724837351703,5.709082791172342,40.14408195847908
Чернігівська,0.0,0.0,0.1174772233587332,0.7588019881750795,2.190698028834532,0.5588468635356321,0.14848790652192903,0.29568657102093393,0.07858056117476239,0.17475554731724072,0.6154483048536555,0.993415063114024,0.8964731904262855,0.9939602485929592,0.995502247117216,5.21957242998619,0.04928109254639545,0.037274288412327695,0.43277690479361575,0.9230769230769232,0.5336963921034718,0.012889572999990677,0.0,0.7057711887939283,0.3448760706991444,4.200516912789097,0.0,0.9965019629350202,0.6537217139105177,0.047058823529411764,3.3945650007499,0.8208930716251349,0.3816443197427872,0.0,0.0,0.7894126885325927,0.5575478955418983,0.42203742203742206,0.7776570744226127,0.4653179190751445,4.682789323308437,0.14344626618743014,0.0885317819316774,0.0005618808221203609,0.7506110893344234,0.0,1.9663020365513024,1.0,0.8663198492547688,0.8612292766934558,9.091830419827415,38.50980717665914
